FINISH SELECT,2
NATURAL-BURNT SIENNA GLZHGLT,1
FRENCH ROAST,1
PEPPERCORN-EBONY GLZHGLT-ANTQ,1
CAPPUCCINO,2
EARL GREY CLASSIC,2
CHESTNUT,1
ENAMEL ISLANDER,1
EAGLE ROCK,1
IRISH CREAM CLASSIC,3
CHAILATTE CLASSIC,3
CAPPUCCINO-BRN GLZHGLT,3
AMARETTO-EBONY GLZHGLT,3
MACCHIATO CLASSIC,1
BLACK-BURNT SIENNA GLAZE HRLM,7
SEA SALT CLASSIC,5
WHITE ICING CLASSIC,46
SMOKE,13
SANDALWOOD,51
CELESTE CLASSIC,9
DUSK CLASSIC,3
GALE CLASSIC,44
MAGNOLIA CLASSIC,23
GRAY OWL CLASSIC,5
DOCKSIDE,49
BISCOTTI,4
UNFINISHED,4
EUCALYPTUS CLASSIC,12
PERFECT STORM CLASSIC,1
SPANISH PAPRIKA CLASSIC,1
,302
Unmatched Colors:,
COLOR MATCH,1
